{"cameraMode":{"drawMode":0,"name":"Shaded","section":"Shading Mode"},"sceneLighting":true,"audioPlay":false,"sceneViewState":{"showFog":true,"showMaterialUpdate":false,"showSkybox":true,"showFlares":true,"showImageEffects":true,"showParticleSystems":true},"in2DMode":false,"pivot":{"x":24.700862884521486,"y":341.90478515625,"z":28.915903091430665},"rotation":{"x":-0.05667987838387489,"y":-0.9269001483917236,"z":0.3365704119205475,"w":-0.15609300136566163},"size":10.0,"orthographic":false}